<?xml version="1.0" encoding="UTF-8" ?>
<!DOCTYPE mapper
        PUBLIC "-//mybatis.org//DTD Mapper 3.0//EN"
        "http://mybatis.org/dtd/mybatis-3-mapper.dtd">

<mapper namespace="dao.AddressDao">
    <resultMap id="addressMap" type="entity.Address">
        <id property="addressId" column="address_id"/>
        <result property="uid" column="uid"/>
        <result property="province" column="province"/>
        <result property="city" column="city"/>
        <result property="area" column="area"/>
        <result property="address" column="address"/>
        <result property="receiver" column="receiver"/>
        <result property="phone" column="phone"/>
        <result property="isDefault" column="is_default"/>
        <result property="createTime" column="create_time"/>
        <result property="updateTime" column="update_time"/>
    </resultMap>

    <select id="findByUid" resultMap="addressMap">
        select * from address where uid = #{uid}
    </select>

    <select id="findDefaultAddress" resultMap="addressMap">
        select * from address where uid=#{uid} and is_default=1
    </select>

    <insert id="add">
        insert into address values (null,#{uid},#{province},#{city},#{area},#{address},#{receiver},#{phone},#{isDefault},#{createTime},#{updateTime})
    </insert>

    <update id="update" >
        update address
        <set>
            <if test="province!=null">
                province=#{province},
            </if>
            <if test="city!=null">
                city=#{city},
            </if>
            <if test="area!=null">
                area=#{area},
            </if>
            <if test="address!=null">
                address=#{address},
            </if>
            <if test="receiver!=null">
                receiver=#{receiver},
            </if>
            <if test="phone!=null">
                phone=#{phone},
            </if>
            <if test="isDefault!=null">
                is_default=#{isDefault},
            </if>
            <if test="updateTime!=null">
                update_time=#{updateTime},
            </if>
        </set>
        where address_id=#{addressId}
    </update>

    <delete id="delete">
        delete from address where address_id=#{addressId}
    </delete>
</mapper>