<?xml version="1.0" encoding="UTF-8" ?>
<!DOCTYPE mapper
        PUBLIC "-//mybatis.org//DTD Mapper 3.0//EN"
        "http://mybatis.org/dtd/mybatis-3-mapper.dtd">

<mapper namespace="dao.BusinessLicenseInfoDao">
    <resultMap id="businessLicenseInfoMap" type="entity.BusinessLicenseInfo">
        <id property="id" column="id"/>
        <result property="auditPageId" column="audit_page_id"/>
        <result property="corporateName" column="corporate_name"/>
        <result property="registrationNumber" column="registration_number"/>
        <result property="frName" column="fr_name"/>
        <result property="idNumber" column="id_number"/>
        <result property="frontOfIdCardPhoto" column="front_of_id_card_photo"/>
        <result property="backOfIdCardPhoto" column="back_of_id_card_photo"/>
        <result property="locationOfBusinessLicense" column="location_of_business_license"/>
        <result property="addressOfBusinessLicense" column="address_of_business_license"/>
        <result property="dateOfIncorporation" column="date_of_incorporation"/>
        <result property="registeredCapital" column="registered_capital"/>
        <result property="businessScope" column="business_scope"/>
        <result property="businessLicense" column="business_license"/>
        <result property="officePhone" column="office_phone"/>
        <result property="emergencyContact" column="emergency_contact"/>
        <result property="phoneOfEmergencyContact" column="phone_of_emergency_contact"/>
        <result property="createDateTime" column="create_datetime"/>
        <result property="updateDateTime" column="update_datetime"/>
    </resultMap>

    <select id="findByInfoId" resultMap="businessLicenseInfoMap">
        select * from business_license_information where id=#{infoId}
    </select>

    <select id="findByAuditPageId" resultMap="businessLicenseInfoMap">
        select * from business_license_information where audit_page_id=#{auditPageId}
    </select>

    <insert id="add">
        insert into business_license_information values(null,#{auditPageId},#{corporateName},#{registrationNumber},#{frName},#{idNumber},#{frontOfIdCardPhoto},#{backOfIdCardPhoto},#{locationOfBusinessLicense},#{addressOfBusinessLicense},#{dateOfIncorporation},#{registeredCapital},#{businessScope},#{businessLicense},#{officePhone},#{emergencyContact},#{phoneOfEmergencyContact},#{createDateTime},#{updateDateTime})
    </insert>

    <update id="update">
        update business_license_information
        <set>
            <if test="corporateName!=null">
                corporate_name=#{corporateName},
            </if>,
            <if test="corporateName!=null">
                registration_number=#{registrationNumber},
            </if>,
            <if test="frName!=null">
                fr_name=#{frName},
            </if>,
            <if test="idNumber!=null">
                id_number=#{idNumber},
            </if>,
            <if test="frontOfIdCardPhoto!=null">
                front_of_id_card_photo=#{frontOfIdCardPhoto},
            </if>,
            <if test="backOfIdCardPhoto!=null">
                back_of_id_card_photo=#{backOfIdCardPhoto},
            </if>,
            <if test="locationOfBusinessLicense!=null">
                location_of_business_license=#{locationOfBusinessLicense},
            </if>,
            <if test="addressOfBusinessLicense!=null">
                address_of_business_license=#{addressOfBusinessLicense},
            </if>,
            <if test="dateOfIncorporation!=null">
                date_of_incorporation=#{dateOfIncorporation},
            </if>,
            <if test="registeredCapital!=null">
                registered_capital=#{registeredCapital},
            </if>,
            <if test="businessScope!=null">
                business_scope=#{businessScope},
            </if>,
            <if test="businessLicense!=null">
                business_license=#{businessLicense},
            </if>,
            <if test="officePhone!=null">
                office_phone=#{officePhone},
            </if>,
            <if test="emergencyContact!=null">
                emergency_contact=#{emergencyContact},
            </if>,
            <if test="phoneOfEmergencyContact!=null">
                phone_of_emergency_contact=#{phoneOfEmergencyContact},
            </if>,
            <if test="updateDateTime!=null">
                update_datetime=#{updateDateTime},
            </if>
        </set>
    </update>

    <delete id="delete">
        delete from business_license_information where audit_page_id=#{auditPageId}
    </delete>
</mapper>