<?xml version="1.0" encoding="UTF-8" ?>
<!DOCTYPE configuration
        PUBLIC "-//mybatis.org//DTD Config 3.0//EN"
        "http://mybatis.org/dtd/mybatis-3-config.dtd">
<configuration>
    <!--settings：控制mybatis全局行为-->
    <settings>
        <!--设置mybatis输出日志-->
        <setting name="logImpl" value="STDOUT_LOGGING"/>
    </settings>
    <!--设置别名-->
    <typeAliases>
        <!--name：实体类所在的包名。包下所有的类名就是别名。-->
        <package name="entity"/>
    </typeAliases>

    <plugins>
        <plugin interceptor = "com.github.pagehelper.PageInterceptor"/>
    </plugins>
    <!--sql mapper（sql映射文件）的位置-->
    <mappers>
        <!--name是包名，包中所有的mapper.xml一次都能加载-->
        <package name="dao"/>
    </mappers>
</configuration>
