<?xml version="1.0" encoding="UTF-8"?>
<beans xmlns="http://www.springframework.org/schema/beans"
       xmlns:xsi="http://www.w3.org/2001/XMLSchema-instance"
       xmlns:context="http://www.springframework.org/schema/context" xmlns:tx="http://www.springframework.org/schema/tx"
       xsi:schemaLocation="http://www.springframework.org/schema/beans http://www.springframework.org/schema/beans/spring-beans.xsd http://www.springframework.org/schema/context https://www.springframework.org/schema/context/spring-context.xsd http://www.springframework.org/schema/tx http://www.springframework.org/schema/tx/spring-tx.xsd">

    <context:component-scan base-package="service" />
    <context:property-placeholder location="classpath:jdbc.properties"/>

    <!--使用spring的事务处理-->
    <!--声明事务管理器-->
    <bean id="transactionManager" class="org.springframework.jdbc.datasource.DataSourceTransactionManager">
        <!--连接到数据库，指定数据源-->
        <property name="dataSource" ref="dataSource"/>
    </bean>
    <!--开启事务注解驱动，告诉spring使用注解管理事务，创建代理对象-->
    <tx:annotation-driven transaction-manager="transactionManager"/>

    <!-- 声明数据源DataSource，作用是连接数据库-->
    <bean id="dataSource" class="com.alibaba.druid.pool.DruidDataSource"
          init-method="init" destroy-method="close">
        <!--set注入给DruidDataSource提供数据库连接信息-->
        <property name="driverClassName" value="${jdbc.driver}"/>
        <property name="url" value="${jdbc.url}"/>
        <property name="username" value="${jdbc.user}"/>
        <property name="password" value="${jdbc.password}"/>
        <property name="maxActive" value="${jdbc.max}"/>
    </bean>
    <!--声明mybatis中提供的SqlSessionFactoryBean类，这个类内部创建SqlSessionFactory-->
    <bean id="sqlSessionFactory" class="org.mybatis.spring.SqlSessionFactoryBean">
        <property name="dataSource" ref="dataSource"/>
        <!-- mybatis配置文件 -->
        <property name="configLocation" value="classpath:mybatis.xml"></property>
    </bean>
    <!--扫描自动生成dao对象-->
    <bean class="org.mybatis.spring.mapper.MapperScannerConfigurer">
        <property name="basePackage" value="dao"/>
        <property name="sqlSessionFactoryBeanName" value="sqlSessionFactory"/>
    </bean>
</beans>